Composition ID,Salt family,Sweep type,From source spreadsheet?,Temperature [degC],NaCl added [mM],CaCl2 added [mM],LaCl3 added [mM],"Ionic strength, nominal [mol/kgw]","Ionic strength, realized [mol/kgw]",Extrapolated beyond envelope (I ≥ 0.5 mol/kgw)?,Charge-balance error [%],pH,Water activity,Osmotic pressure [bar],"SI, portlandite Ca(OH)2(s)","SI, calcite CaCO3(s)","SI, La(OH)3(s)","SI, La2(CO3)3:8H2O(s)",Primary database,Primary solve converged?,Reject reason,Total dissolved Na [mol/kgw],Total dissolved Ca [mol/kgw],Total dissolved La [mol/kgw],Free Na+ fraction [mol free / mol total],Free Ca2+ fraction [mol free / mol total],Free La3+ fraction [mol free / mol total],La3+ as chloride complexes [mol / mol total La],La3+ as hydroxide species [mol / mol total La],La3+ as carbonate species [mol / mol total La],Cross-check database,Cross-check run for this row?,Cross-check solve converged?,pH (cross-check),"Ionic strength, realized (cross-check) [mol/kgw]",Free Na+ fraction (cross-check) [mol free / mol total],Free Ca2+ fraction (cross-check) [mol free / mol total],Free La3+ fraction (cross-check) [mol free / mol total],La3+ as chloride complexes (cross-check) [mol / mol total La]
NaCl_0.5mM,NaCl_alone,single_salt,False,25.0,0.5,0.0,0.0,0.0005,0.0005,False,8e-11,7.01,1.0,0.023,,,,,llnl.dat,True,,0.0005,,,0.9999,,,,,,WATEQ4F,True,True,7.0,0.0005,1.0,,,
NaCl_1mM,NaCl_alone,single_salt,False,25.0,1.0,0.0,0.0,0.001,0.001,False,4e-11,7.01,1.0,0.047,,,,,llnl.dat,True,,0.001,,,0.9998,,,,,,WATEQ4F,True,True,7.0,0.001,1.0,,,
NaCl_1.5mM,NaCl_alone,single_salt,False,25.0,1.5,0.0,0.0,0.0015,0.0015,False,2.67e-11,7.01,0.9999,0.07,,,,,llnl.dat,True,,0.0015,,,0.9998,,,,,,WATEQ4F,True,True,7.0,0.0015,1.0,,,
NaCl_2mM,NaCl_alone,single_salt,False,25.0,2.0,0.0,0.0,0.002,0.002,False,2e-11,7.01,0.9999,0.094,,,,,llnl.dat,True,,0.002,,,0.9997,,,,,,WATEQ4F,True,True,7.0,0.002,1.0,,,
NaCl_2.5mM,NaCl_alone,single_salt,False,25.0,2.5,0.0,0.0,0.0025,0.0025,False,1.6e-11,7.01,0.9999,0.117,,,,,llnl.dat,True,,0.0025,,,0.9996,,,,,,WATEQ4F,True,True,7.0,0.0025,1.0,,,
NaCl_3mM,NaCl_alone,single_salt,False,25.0,3.0,0.0,0.0,0.003,0.003,False,1.33e-11,7.01,0.9999,0.14,,,,,llnl.dat,True,,0.003,,,0.9995,,,,,,WATEQ4F,True,True,7.0,0.003,1.0,,,
NaCl_3.5mM,NaCl_alone,single_salt,False,25.0,3.5,0.0,0.0,0.0035,0.0035,False,1.14e-11,7.01,0.9999,0.164,,,,,llnl.dat,True,,0.0035,,,0.9995,,,,,,WATEQ4F,True,True,7.0,0.0035,1.0,,,
NaCl_4mM,NaCl_alone,single_salt,False,25.0,4.0,0.0,0.0,0.004,0.004,False,1e-11,7.01,0.9999,0.187,,,,,llnl.dat,True,,0.004,,,0.9994,,,,,,WATEQ4F,True,True,7.0,0.004,1.0,,,
NaCl_4.5mM,NaCl_alone,single_salt,False,25.0,4.5,0.0,0.0,0.0045,0.0045,False,8.88e-12,7.01,0.9998,0.21,,,,,llnl.dat,True,,0.0045,,,0.9993,,,,,,WATEQ4F,True,True,7.0,0.0045,1.0,,,
NaCl_5mM,NaCl_alone,single_salt,False,25.0,5.0,0.0,0.0,0.005,0.005,False,8e-12,7.01,0.9998,0.234,,,,,llnl.dat,True,,0.005,,,0.9992,,,,,,WATEQ4F,True,True,7.0,0.005,1.0,,,
CaCl2_5mM,CaCl2_alone,single_salt,False,25.0,0.0,5.0,0.0,0.015,0.015,False,2.01e-12,6.99,0.9997,0.351,-11.061,-13.386,,,llnl.dat,True,,,0.005,,,0.9987,,,,,WATEQ4F,True,True,6.99,0.015,,1.0,,
CaCl2_10mM,CaCl2_alone,single_salt,False,25.0,0.0,10.0,0.0,0.03,0.03,False,9.92e-13,6.98,0.9995,0.701,-10.842,-13.175,,,llnl.dat,True,,,0.01,,,0.9977,,,,,WATEQ4F,True,True,6.98,0.03,,1.0,,
CaCl2_15mM,CaCl2_alone,single_salt,False,25.0,0.0,15.0,0.0,0.045,0.0449,False,6.69e-13,6.98,0.9992,1.052,-10.723,-13.06,,,llnl.dat,True,,,0.015,,,0.9968,,,,,WATEQ4F,True,True,6.97,0.045,,1.0,,
CaCl2_20mM,CaCl2_alone,single_salt,False,25.0,0.0,20.0,0.0,0.06,0.0598,False,4.94e-13,6.97,0.999,1.402,-10.644,-12.983,,,llnl.dat,True,,,0.02,,,0.996,,,,,WATEQ4F,True,True,6.96,0.06,,1.0,,
CaCl2_25mM,CaCl2_alone,single_salt,False,25.0,0.0,25.0,0.0,0.075,0.0748,False,3.92e-13,6.96,0.9987,1.753,-10.585,-12.925,,,llnl.dat,True,,,0.025,,,0.9953,,,,,WATEQ4F,True,True,6.95,0.075,,1.0,,
CaCl2_30mM,CaCl2_alone,single_salt,False,25.0,0.0,30.0,0.0,0.09,0.0897,False,3.24e-13,6.96,0.9985,2.103,-10.539,-12.88,,,llnl.dat,True,,,0.03,,,0.9946,,,,,WATEQ4F,True,True,6.95,0.09,,1.0,,
CaCl2_35mM,CaCl2_alone,single_salt,False,25.0,0.0,35.0,0.0,0.105,0.1046,False,2.8e-13,6.95,0.9982,2.453,-10.501,-12.842,,,llnl.dat,True,,,0.035,,,0.994,,,,,WATEQ4F,True,True,6.94,0.105,,1.0,,
CaCl2_40mM,CaCl2_alone,single_salt,False,25.0,0.0,40.0,0.0,0.12,0.1195,False,2.45e-13,6.95,0.998,2.803,-10.469,-12.81,,,llnl.dat,True,,,0.04,,,0.9934,,,,,WATEQ4F,True,True,6.94,0.12,,1.0,,
CaCl2_45mM,CaCl2_alone,single_salt,False,25.0,0.0,45.0,0.0,0.135,0.1343,False,2.22e-13,6.94,0.9977,3.154,-10.441,-12.782,,,llnl.dat,True,,,0.045,,,0.9928,,,,,WATEQ4F,True,True,6.94,0.135,,1.0,,
CaCl2_50mM,CaCl2_alone,single_salt,False,25.0,0.0,50.0,0.0,0.15,0.1492,False,1.98e-13,6.94,0.9975,3.504,-10.417,-12.757,,,llnl.dat,True,,,0.05,,,0.9922,,,,,WATEQ4F,True,True,6.93,0.15,,1.0,,
LaCl3_10mM,LaCl3_alone,single_salt,False,25.0,0.0,0.0,10.0,0.06,0.0592,False,1.84e-12,5.5,0.9993,0.93,,,-6.439,-35.073,llnl.dat,True,,,,0.01,,,0.9736,0.026,0.0003707,0.0,WATEQ4F,True,True,5.58,0.0595,,,0.9823,0.0174
LaCl3_20mM,LaCl3_alone,single_salt,False,25.0,0.0,0.0,20.0,0.12,0.1173,False,9.5e-13,5.38,0.9987,1.852,,,-6.645,-35.469,llnl.dat,True,,,,0.02,,,0.9555,0.0442,0.0002541,0.0,WATEQ4F,True,True,5.5,0.1185,,,0.9746,0.0252
LaCl3_30mM,LaCl3_alone,single_salt,False,25.0,0.0,0.0,30.0,0.18,0.1745,False,6.5e-13,5.31,0.998,2.767,,,-6.772,-35.707,llnl.dat,True,,,,0.03,,,0.9394,0.0604,0.0002042,0.0,WATEQ4F,True,True,5.44,0.1771,,,0.9682,0.0316
LaCl3_40mM,LaCl3_alone,single_salt,False,25.0,0.0,0.0,40.0,0.24,0.2308,False,4.88e-13,5.25,0.9973,3.676,,,-6.865,-7.789,llnl.dat,True,,,,0.04,,,0.9243,0.0755,0.0001749,0.0,WATEQ4F,True,True,5.4,0.2354,,,0.9622,0.0377
LaCl3_50mM,LaCl3_alone,single_salt,False,25.0,0.0,0.0,50.0,0.3,0.2864,False,3.65e-13,5.21,0.9967,4.58,,,-6.937,-36.006,llnl.dat,True,,,,0.05,,,0.9101,0.0897,0.0001552,0.0,WATEQ4F,True,True,5.37,0.2933,,,0.9561,0.0438
LaCl3_60mM,LaCl3_alone,single_salt,False,25.0,0.0,0.0,60.0,0.36,0.3412,False,2.9e-13,5.18,0.996,5.478,,,-6.997,-36.11,llnl.dat,True,,,,0.06,,,0.8965,0.1033,0.0001407,0.0,WATEQ4F,True,True,5.33,0.3508,,,0.9496,0.0503
LaCl3_70mM,LaCl3_alone,single_salt,False,25.0,0.0,0.0,70.0,0.42,0.3952,False,2.37e-13,5.15,0.9954,6.37,,,-7.047,-36.196,llnl.dat,True,,,,0.07,,,0.8835,0.1164,0.0001294,0.0,WATEQ4F,True,True,5.31,0.4078,,,0.9428,0.0571
LaCl3_80mM,LaCl3_alone,single_salt,False,25.0,0.0,0.0,80.0,0.48,0.4486,False,2.2e-13,5.12,0.9947,7.258,,,-7.091,-36.269,llnl.dat,True,,,,0.08,,,0.8709,0.129,0.0001203,0.0,WATEQ4F,True,True,5.28,0.4642,,,0.9355,0.0644
LaCl3_90mM,LaCl3_alone,single_salt,False,25.0,0.0,0.0,90.0,0.54,0.5012,True,1.83e-13,5.1,0.9941,8.141,,,-7.129,-36.332,llnl.dat,True,,,,0.09,,,0.8587,0.1412,0.0001128,0.0,WATEQ4F,True,True,5.25,0.5201,,,0.9277,0.0722
LaCl3_100mM,LaCl3_alone,single_salt,False,25.0,0.0,0.0,100.0,0.6,0.5533,True,1.77e-13,5.08,0.9935,9.019,,,-7.163,-36.386,llnl.dat,True,,,,0.1,,,0.8469,0.153,0.0001063,0.0,WATEQ4F,True,True,5.23,0.5752,,,0.9192,0.0807
LaCl3_110mM,LaCl3_alone,single_salt,False,25.0,0.0,0.0,110.0,0.66,0.6047,True,1.53e-13,5.07,0.9928,9.893,,,-7.194,-36.433,llnl.dat,True,,,,0.11,,,0.8354,0.1645,0.0001008,0.0,WATEQ4F,True,True,5.2,0.6296,,,0.9101,0.0898
LaCl3_120mM,LaCl3_alone,single_salt,False,25.0,0.0,0.0,120.0,0.72,0.6555,True,1.35e-13,5.05,0.9922,10.763,,,-7.221,-36.475,llnl.dat,True,,,,0.12,,,0.8243,0.1756,9.6e-05,0.0,WATEQ4F,True,True,5.18,0.6831,,,0.9004,0.0995
LaCl3_130mM,LaCl3_alone,single_salt,False,25.0,0.0,0.0,130.0,0.78,0.7058,True,1.23e-13,5.04,0.9916,11.628,,,-7.246,-36.513,llnl.dat,True,,,,0.13,,,0.8135,0.1865,9.169e-05,0.0,WATEQ4F,True,True,5.16,0.7357,,,0.8899,0.11
LaCl3_140mM,LaCl3_alone,single_salt,False,25.0,0.0,0.0,140.0,0.84,0.7554,True,1.25e-13,5.02,0.991,12.489,,,-7.27,-36.546,llnl.dat,True,,,,0.14,,,0.8029,0.197,8.793e-05,0.0,WATEQ4F,True,True,5.13,0.7873,,,0.8788,0.1211
LaCl3_150mM,LaCl3_alone,single_salt,False,25.0,0.0,0.0,150.0,0.9,0.8045,True,1.18e-13,5.01,0.9903,13.347,,,-7.291,-36.576,llnl.dat,True,,,,0.15,,,0.7926,0.2073,8.447e-05,0.0,WATEQ4F,True,True,5.11,0.8379,,,0.867,0.1329
A_Na1mM_Ca10mM,A_Na_Ca_grid,mixture_grid,True,25.0,1.0,10.0,0.0,0.031,0.0309,False,1.21e-12,6.98,0.9995,0.748,-10.845,-13.179,,,llnl.dat,True,,0.001,0.01,,0.9974,0.9976,,,,,WATEQ4F,True,True,6.98,0.031,1.0,1.0,,
A_Na1mM_Ca20mM,A_Na_Ca_grid,mixture_grid,False,25.0,1.0,20.0,0.0,0.061,0.0608,False,6.19e-13,6.97,0.9989,1.449,-10.646,-12.985,,,llnl.dat,True,,0.001,0.02,,0.9954,0.996,,,,,WATEQ4F,True,True,6.96,0.061,1.0,1.0,,
A_Na1mM_Ca30mM,A_Na_Ca_grid,mixture_grid,False,25.0,1.0,30.0,0.0,0.091,0.0907,False,4.1e-13,6.96,0.9984,2.15,-10.54,-12.881,,,llnl.dat,True,,0.001,0.03,,0.9936,0.9946,,,,,WATEQ4F,True,True,6.95,0.091,1.0,1.0,,
A_Na1mM_Ca40mM,A_Na_Ca_grid,mixture_grid,False,25.0,1.0,40.0,0.0,0.121,0.1204,False,3.03e-13,6.95,0.9979,2.85,-10.47,-12.811,,,llnl.dat,True,,0.001,0.04,,0.992,0.9933,,,,,WATEQ4F,True,True,6.94,0.121,1.0,1.0,,
A_Na1mM_Ca50mM,A_Na_Ca_grid,mixture_grid,False,25.0,1.0,50.0,0.0,0.151,0.1502,False,2.46e-13,6.94,0.9974,3.55,-10.418,-12.758,,,llnl.dat,True,,0.001,0.05,,0.9904,0.9921,,,,,WATEQ4F,True,True,6.93,0.151,1.0,1.0,,
A_Na2mM_Ca10mM,A_Na_Ca_grid,mixture_grid,False,25.0,2.0,10.0,0.0,0.032,0.0319,False,1.13e-12,6.98,0.9994,0.795,-10.848,-13.183,,,llnl.dat,True,,0.002,0.01,,0.9973,0.9975,,,,,WATEQ4F,True,True,6.98,0.032,1.0,1.0,,
A_Na2mM_Ca20mM,A_Na_Ca_grid,mixture_grid,True,25.0,2.0,20.0,0.0,0.062,0.0618,False,6.07e-13,6.97,0.9989,1.496,-10.648,-12.988,,,llnl.dat,True,,0.002,0.02,,0.9953,0.9959,,,,,WATEQ4F,True,True,6.96,0.062,1.0,1.0,,
A_Na2mM_Ca30mM,A_Na_Ca_grid,mixture_grid,False,25.0,2.0,30.0,0.0,0.092,0.0916,False,4.09e-13,6.96,0.9984,2.196,-10.541,-12.883,,,llnl.dat,True,,0.002,0.03,,0.9935,0.9945,,,,,WATEQ4F,True,True,6.95,0.092,1.0,1.0,,
A_Na2mM_Ca40mM,A_Na_Ca_grid,mixture_grid,False,25.0,2.0,40.0,0.0,0.122,0.1214,False,3e-13,6.95,0.9979,2.897,-10.471,-12.812,,,llnl.dat,True,,0.002,0.04,,0.9919,0.9932,,,,,WATEQ4F,True,True,6.94,0.122,1.0,1.0,,
A_Na2mM_Ca50mM,A_Na_Ca_grid,mixture_grid,False,25.0,2.0,50.0,0.0,0.152,0.1512,False,2.39e-13,6.94,0.9974,3.597,-10.419,-12.759,,,llnl.dat,True,,0.002,0.05,,0.9903,0.992,,,,,WATEQ4F,True,True,6.93,0.152,1.0,1.0,,
A_Na3mM_Ca10mM,A_Na_Ca_grid,mixture_grid,False,25.0,3.0,10.0,0.0,0.033,0.0329,False,1.09e-12,6.98,0.9994,0.842,-10.851,-13.187,,,llnl.dat,True,,0.003,0.01,,0.9972,0.9974,,,,,WATEQ4F,True,True,6.98,0.033,1.0,1.0,,
A_Na3mM_Ca20mM,A_Na_Ca_grid,mixture_grid,False,25.0,3.0,20.0,0.0,0.063,0.0628,False,5.86e-13,6.97,0.9989,1.542,-10.65,-12.99,,,llnl.dat,True,,0.003,0.02,,0.9952,0.9958,,,,,WATEQ4F,True,True,6.96,0.063,1.0,1.0,,
A_Na3mM_Ca30mM,A_Na_Ca_grid,mixture_grid,True,25.0,3.0,30.0,0.0,0.093,0.0926,False,3.96e-13,6.96,0.9984,2.243,-10.543,-12.885,,,llnl.dat,True,,0.003,0.03,,0.9934,0.9944,,,,,WATEQ4F,True,True,6.95,0.093,1.0,1.0,,
A_Na3mM_Ca40mM,A_Na_Ca_grid,mixture_grid,False,25.0,3.0,40.0,0.0,0.123,0.1224,False,2.93e-13,6.95,0.9979,2.943,-10.472,-12.814,,,llnl.dat,True,,0.003,0.04,,0.9918,0.9932,,,,,WATEQ4F,True,True,6.94,0.123,1.0,1.0,,
A_Na3mM_Ca50mM,A_Na_Ca_grid,mixture_grid,False,25.0,3.0,50.0,0.0,0.153,0.1521,False,2.4e-13,6.94,0.9974,3.643,-10.42,-12.76,,,llnl.dat,True,,0.003,0.05,,0.9903,0.992,,,,,WATEQ4F,True,True,6.93,0.153,1.0,1.0,,
A_Na4mM_Ca10mM,A_Na_Ca_grid,mixture_grid,False,25.0,4.0,10.0,0.0,0.034,0.0339,False,1.05e-12,6.98,0.9994,0.888,-10.855,-13.191,,,llnl.dat,True,,0.004,0.01,,0.997,0.9973,,,,,WATEQ4F,True,True,6.98,0.034,1.0,1.0,,
A_Na4mM_Ca20mM,A_Na_Ca_grid,mixture_grid,False,25.0,4.0,20.0,0.0,0.064,0.0638,False,5.7e-13,6.97,0.9988,1.589,-10.651,-12.992,,,llnl.dat,True,,0.004,0.02,,0.9951,0.9957,,,,,WATEQ4F,True,True,6.96,0.064,1.0,1.0,,
A_Na4mM_Ca30mM,A_Na_Ca_grid,mixture_grid,False,25.0,4.0,30.0,0.0,0.094,0.0936,False,3.89e-13,6.96,0.9983,2.29,-10.544,-12.886,,,llnl.dat,True,,0.004,0.03,,0.9934,0.9943,,,,,WATEQ4F,True,True,6.95,0.094,1.0,1.0,,
A_Na4mM_Ca40mM,A_Na_Ca_grid,mixture_grid,True,25.0,4.0,40.0,0.0,0.124,0.1234,False,2.94e-13,6.95,0.9978,2.99,-10.473,-12.815,,,llnl.dat,True,,0.004,0.04,,0.9917,0.9931,,,,,WATEQ4F,True,True,6.94,0.124,1.0,1.0,,
A_Na4mM_Ca50mM,A_Na_Ca_grid,mixture_grid,False,25.0,4.0,50.0,0.0,0.154,0.1531,False,2.32e-13,6.94,0.9973,3.69,-10.421,-12.761,,,llnl.dat,True,,0.004,0.05,,0.9902,0.9919,,,,,WATEQ4F,True,True,6.93,0.154,1.0,1.0,,
A_Na5mM_Ca10mM,A_Na_Ca_grid,mixture_grid,False,25.0,5.0,10.0,0.0,0.035,0.0349,False,1.01e-12,6.98,0.9993,0.935,-10.858,-13.195,,,llnl.dat,True,,0.005,0.01,,0.9969,0.9972,,,,,WATEQ4F,True,True,6.98,0.035,1.0,1.0,,
A_Na5mM_Ca20mM,A_Na_Ca_grid,mixture_grid,False,25.0,5.0,20.0,0.0,0.065,0.0648,False,5.6e-13,6.97,0.9988,1.636,-10.653,-12.995,,,llnl.dat,True,,0.005,0.02,,0.995,0.9956,,,,,WATEQ4F,True,True,6.96,0.065,1.0,1.0,,
A_Na5mM_Ca30mM,A_Na_Ca_grid,mixture_grid,False,25.0,5.0,30.0,0.0,0.095,0.0946,False,3.81e-13,6.96,0.9983,2.336,-10.545,-12.888,,,llnl.dat,True,,0.005,0.03,,0.9933,0.9943,,,,,WATEQ4F,True,True,6.95,0.095,1.0,1.0,,
A_Na5mM_Ca40mM,A_Na_Ca_grid,mixture_grid,False,25.0,5.0,40.0,0.0,0.125,0.1244,False,2.94e-13,6.95,0.9978,3.037,-10.474,-12.816,,,llnl.dat,True,,0.005,0.04,,0.9916,0.993,,,,,WATEQ4F,True,True,6.94,0.125,1.0,1.0,,
A_Na5mM_Ca50mM,A_Na_Ca_grid,mixture_grid,True,25.0,5.0,50.0,0.0,0.155,0.1541,False,2.38e-13,6.94,0.9973,3.737,-10.421,-12.762,,,llnl.dat,True,,0.005,0.05,,0.9901,0.9918,,,,,WATEQ4F,True,True,6.93,0.155,1.0,1.0,,
B_Na1mM_La30mM,B_Na_La_grid,mixture_grid,True,25.0,1.0,0.0,30.0,0.181,0.1754,False,5.81e-13,5.31,0.998,2.813,,,-6.773,-35.708,llnl.dat,True,,0.001,,0.03,0.9918,,0.9388,0.061,0.0002041,0.0,WATEQ4F,True,True,5.44,0.1781,1.0,,0.9679,0.0319
B_Na1mM_La60mM,B_Na_La_grid,mixture_grid,False,25.0,1.0,0.0,60.0,0.361,0.342,False,2.64e-13,5.18,0.996,5.523,,,-6.997,-36.11,llnl.dat,True,,0.001,,0.06,0.9859,,0.896,0.1038,0.0001406,0.0,WATEQ4F,True,True,5.34,0.3518,1.0,,0.9494,0.0505
B_Na1mM_La90mM,B_Na_La_grid,mixture_grid,False,25.0,1.0,0.0,90.0,0.541,0.5021,True,1.64e-13,5.1,0.9941,8.187,,,-7.129,-36.332,llnl.dat,True,,0.001,,0.09,0.9806,,0.8583,0.1416,0.0001127,0.0,WATEQ4F,True,True,5.25,0.521,1.0,,0.9274,0.0725
B_Na1mM_La120mM,B_Na_La_grid,mixture_grid,False,25.0,1.0,0.0,120.0,0.721,0.6563,True,1.21e-13,5.05,0.9922,10.808,,,-7.221,-36.475,llnl.dat,True,,0.001,,0.12,0.9756,,0.8239,0.176,9.6e-05,0.0,WATEQ4F,True,True,5.18,0.684,1.0,,0.9001,0.0998
B_Na1mM_La150mM,B_Na_La_grid,mixture_grid,False,25.0,1.0,0.0,150.0,0.901,0.8053,True,1.05e-13,5.01,0.9903,13.392,,,-7.291,-36.576,llnl.dat,True,,0.001,,0.15,0.9708,,0.7922,0.2077,8.447e-05,0.0,WATEQ4F,True,True,5.11,0.8387,1.0,,0.8667,0.1332
B_Na2mM_La30mM,B_Na_La_grid,mixture_grid,False,25.0,2.0,0.0,30.0,0.182,0.1764,False,5.77e-13,5.31,0.9979,2.86,,,-6.773,-35.708,llnl.dat,True,,0.002,,0.03,0.9917,,0.9382,0.0616,0.000204,0.0,WATEQ4F,True,True,5.44,0.1791,1.0,,0.9677,0.0322
B_Na2mM_La60mM,B_Na_La_grid,mixture_grid,True,25.0,2.0,0.0,60.0,0.362,0.3429,False,2.65e-13,5.18,0.996,5.569,,,-6.997,-36.111,llnl.dat,True,,0.002,,0.06,0.9858,,0.8956,0.1043,0.0001406,0.0,WATEQ4F,True,True,5.34,0.3527,1.0,,0.9492,0.0507
B_Na2mM_La90mM,B_Na_La_grid,mixture_grid,False,25.0,2.0,0.0,90.0,0.542,0.503,True,1.68e-13,5.1,0.994,8.232,,,-7.129,-36.332,llnl.dat,True,,0.002,,0.09,0.9805,,0.8578,0.142,0.0001127,0.0,WATEQ4F,True,True,5.25,0.5219,1.0,,0.9272,0.0728
B_Na2mM_La120mM,B_Na_La_grid,mixture_grid,False,25.0,2.0,0.0,120.0,0.722,0.6572,True,1.27e-13,5.05,0.9921,10.854,,,-7.221,-7.726,llnl.dat,True,,0.002,,0.12,0.9755,,0.8235,0.1764,9.6e-05,0.0,WATEQ4F,True,True,5.18,0.6849,1.0,,0.8998,0.1002
B_Na2mM_La150mM,B_Na_La_grid,mixture_grid,False,25.0,2.0,0.0,150.0,0.902,0.8061,True,9.79e-14,5.01,0.9903,13.437,,,-7.291,-7.711,llnl.dat,True,,0.002,,0.15,0.9707,,0.7919,0.2081,8.447e-05,0.0,WATEQ4F,True,True,5.11,0.8395,1.0,,0.8663,0.1336
B_Na3mM_La30mM,B_Na_La_grid,mixture_grid,False,25.0,3.0,0.0,30.0,0.183,0.1773,False,5.8e-13,5.31,0.9979,2.906,,,-6.774,-35.709,llnl.dat,True,,0.003,,0.03,0.9916,,0.9376,0.0622,0.0002039,0.0,WATEQ4F,True,True,5.44,0.18,1.0,,0.9674,0.0325
B_Na3mM_La60mM,B_Na_La_grid,mixture_grid,False,25.0,3.0,0.0,60.0,0.363,0.3438,False,2.62e-13,5.18,0.9959,5.615,,,-6.997,-36.111,llnl.dat,True,,0.003,,0.06,0.9857,,0.8951,0.1048,0.0001406,0.0,WATEQ4F,True,True,5.34,0.3537,1.0,,0.9489,0.051
B_Na3mM_La90mM,B_Na_La_grid,mixture_grid,True,25.0,3.0,0.0,90.0,0.543,0.5038,True,1.57e-13,5.1,0.994,8.278,,,-7.129,-36.332,llnl.dat,True,,0.003,,0.09,0.9805,,0.8574,0.1425,0.0001127,0.0,WATEQ4F,True,True,5.25,0.5228,1.0,,0.9269,0.073
B_Na3mM_La120mM,B_Na_La_grid,mixture_grid,False,25.0,3.0,0.0,120.0,0.723,0.658,True,1.27e-13,5.05,0.9921,10.899,,,-7.221,-36.475,llnl.dat,True,,0.003,,0.12,0.9755,,0.8231,0.1768,9.592e-05,0.0,WATEQ4F,True,True,5.18,0.6857,1.0,,0.8995,0.1005
B_Na3mM_La150mM,B_Na_La_grid,mixture_grid,False,25.0,3.0,0.0,150.0,0.903,0.8069,True,9.88e-14,5.01,0.9903,13.482,,,-7.291,-36.576,llnl.dat,True,,0.003,,0.15,0.9706,,0.7915,0.2084,8.44e-05,0.0,WATEQ4F,True,True,5.11,0.8404,1.0,,0.866,0.1339
B_Na4mM_La30mM,B_Na_La_grid,mixture_grid,False,25.0,4.0,0.0,30.0,0.184,0.1783,False,5.69e-13,5.31,0.9979,2.952,,,-6.774,-35.71,llnl.dat,True,,0.004,,0.03,0.9915,,0.9371,0.0627,0.0002039,0.0,WATEQ4F,True,True,5.45,0.181,1.0,,0.9671,0.0327
B_Na4mM_La60mM,B_Na_La_grid,mixture_grid,False,25.0,4.0,0.0,60.0,0.364,0.3447,False,2.65e-13,5.18,0.9959,5.661,,,-6.998,-36.111,llnl.dat,True,,0.004,,0.06,0.9857,,0.8946,0.1053,0.0001405,0.0,WATEQ4F,True,True,5.34,0.3546,1.0,,0.9487,0.0512
B_Na4mM_La90mM,B_Na_La_grid,mixture_grid,False,25.0,4.0,0.0,90.0,0.544,0.5047,True,1.69e-13,5.1,0.994,8.324,,,-7.129,-36.332,llnl.dat,True,,0.004,,0.09,0.9804,,0.857,0.1429,0.0001127,0.0,WATEQ4F,True,True,5.25,0.5238,1.0,,0.9266,0.0733
B_Na4mM_La120mM,B_Na_La_grid,mixture_grid,True,25.0,4.0,0.0,120.0,0.724,0.6588,True,1.18e-13,5.05,0.9921,10.944,,,-7.221,-36.475,llnl.dat,True,,0.004,,0.12,0.9754,,0.8227,0.1772,9.592e-05,0.0,WATEQ4F,True,True,5.18,0.6866,1.0,,0.8992,0.1008
B_Na4mM_La150mM,B_Na_La_grid,mixture_grid,False,25.0,4.0,0.0,150.0,0.904,0.8077,True,9.6e-14,5.01,0.9902,13.527,,,-7.291,-36.576,llnl.dat,True,,0.004,,0.15,0.9706,,0.7911,0.2088,8.44e-05,0.0,WATEQ4F,True,True,5.11,0.8412,1.0,,0.8657,0.1343
B_Na5mM_La30mM,B_Na_La_grid,mixture_grid,False,25.0,5.0,0.0,30.0,0.185,0.1792,False,5.67e-13,5.31,0.9978,2.998,,,-6.775,-35.71,llnl.dat,True,,0.005,,0.03,0.9914,,0.9365,0.0633,0.0002038,0.0,WATEQ4F,True,True,5.45,0.182,1.0,,0.9668,0.033
B_Na5mM_La60mM,B_Na_La_grid,mixture_grid,False,25.0,5.0,0.0,60.0,0.365,0.3456,False,2.6e-13,5.18,0.9959,5.707,,,-6.998,-7.769,llnl.dat,True,,0.005,,0.06,0.9856,,0.8941,0.1058,0.0001405,0.0,WATEQ4F,True,True,5.34,0.3556,1.0,,0.9484,0.0515
B_Na5mM_La90mM,B_Na_La_grid,mixture_grid,False,25.0,5.0,0.0,90.0,0.545,0.5055,True,1.68e-13,5.1,0.9939,8.369,,,-7.13,-36.332,llnl.dat,True,,0.005,,0.09,0.9803,,0.8566,0.1433,0.0001127,0.0,WATEQ4F,True,True,5.25,0.5247,1.0,,0.9263,0.0736
B_Na5mM_La120mM,B_Na_La_grid,mixture_grid,False,25.0,5.0,0.0,120.0,0.725,0.6597,True,1.17e-13,5.05,0.992,10.99,,,-7.221,-36.475,llnl.dat,True,,0.005,,0.12,0.9753,,0.8223,0.1776,9.592e-05,0.0,WATEQ4F,True,True,5.18,0.6875,1.0,,0.8989,0.1011
B_Na5mM_La150mM,B_Na_La_grid,mixture_grid,True,25.0,5.0,0.0,150.0,0.905,0.8085,True,1.02e-13,5.01,0.9902,13.573,,,-7.291,-7.712,llnl.dat,True,,0.005,,0.15,0.9705,,0.7908,0.2091,8.44e-05,0.0,WATEQ4F,True,True,5.11,0.842,1.0,,0.8653,0.1346
